{"cameraMode":{"drawMode":0,"name":"Shaded","section":"Shading Mode"},"sceneLighting":false,"audioPlay":false,"sceneViewState":{"m_AlwaysRefresh":false,"showFog":true,"showSkybox":true,"showFlares":true,"showImageEffects":true,"showParticleSystems":true,"showVisualEffectGraphs":true,"m_FxEnabled":true},"in2DMode":false,"pivot":{"x":0.5120523571968079,"y":-0.014617502689361573,"z":1.8553540706634522},"rotation":{"x":-0.0587831474840641,"y":0.14057932794094087,"z":-0.00836136844009161,"w":-0.9882895946502686},"size":0.8726128935813904,"orthographic":false}